<?xml version="1.0"?>
<doc>
    <assembly>
        <name>TaskBud.Website</name>
    </assembly>
    <members>
        <member name="M:TaskBud.Website.Controllers.ApiTasksController.Lookup(System.String)">
            <summary>
            Looks up the Task Id of the most recently created task with a specific title
            </summary>
            <param name="title">The title of the Task to look up and find</param>
            <returns>Id of the most recent matching task</returns>
        </member>
        <member name="M:TaskBud.Website.Controllers.ApiTasksController.Index(System.String)">
            <summary>
            Returns a complete Index of all Uncomplete, pending tasks
            </summary>
            <param name="taskGroupId">(Optional) The Task Group to look up</param>
        </member>
        <member name="M:TaskBud.Website.Controllers.ApiTasksController.Read(System.String)">
            <summary>
            Reads the data for a single task
            </summary>
            <param name="taskId">Id of the task to look up.</param>
        </member>
        <member name="M:TaskBud.Website.Controllers.ApiTasksController.Create(TaskBud.Business.Models.Tasks.VMTaskWriteData)">
            <summary>
            Creates a new task
            </summary>
        </member>
        <member name="M:TaskBud.Website.Controllers.ApiTasksController.Update(TaskBud.Business.Models.Tasks.VMTaskWriteData)">
            <summary>
            Updates an existing task
            </summary>
        </member>
        <member name="M:TaskBud.Website.Controllers.ApiTasksController.Assign(System.String,System.String)">
            <summary>
            Assigns a task to a User by Id, defaults to the authorized user via bearer token
            </summary>
            <param name="taskId">Id of the Task to assign</param>
            <param name="userId">(option) Id of the user to assign to. Defaults to the user associated with the bearer token</param>
        </member>
        <member name="M:TaskBud.Website.Controllers.ApiTasksController.UnAssign(System.String)">
            <summary>
            Clears the assigned user for a task
            </summary>
            <param name="taskId">Id of the Task to assign</param>
            <returns></returns>
        </member>
        <member name="M:TaskBud.Website.Controllers.ApiTasksController.Complete(System.String)">
            <summary>
            Completes a task.
            Normal tasks will be marked as complete.
            Repeating tasks will not, and instead have their "Wait until" field updated to match the next available date via the Cron Repeat field,
            As well as have their "Assigned User" field be updated to be the "Starter Assigned User" field
            </summary>
            <param name="taskId">The Id of the task to complete</param>
        </member>
    </members>
</doc>
